{"loss": [3.272062063217163, 3.2020163536071777, 3.150547981262207, 2.965611457824707, 2.784806489944458, 2.5082414150238037, 2.1597490310668945, 1.772530436515808, 1.50052809715271, 1.2589259147644043, 1.0652644634246826, 0.9325039982795715, 0.8030523657798767, 0.7117024660110474, 0.6065986156463623, 0.524878740310669, 0.5746893286705017, 0.4889702796936035, 0.48046666383743286, 0.42229634523391724, 0.4384419620037079, 0.38495728373527527, 0.4049089550971985, 0.35959210991859436, 0.4192174971103668, 0.3233429193496704, 0.304931640625, 0.30592674016952515, 0.28110218048095703, 0.3094382584095001, 0.2855445444583893, 0.2606349587440491], "accuracy": [0.0725521668791771, 0.0847512036561966, 0.09341894090175629, 0.14446227252483368, 0.20866774022579193, 0.2857142984867096, 0.3919743299484253, 0.4853932559490204, 0.5739967823028564, 0.6356340050697327, 0.6895666122436523, 0.7277688384056091, 0.768539309501648, 0.8044943809509277, 0.8247190713882446, 0.8430176377296448, 0.8340288996696472, 0.8587480187416077, 0.8574638962745667, 0.877046525478363, 0.8751204013824463, 0.8934189677238464, 0.8850722312927246, 0.8991974592208862, 0.8850722312927246, 0.9065810441970825, 0.9152488112449646, 0.9117174744606018, 0.9155698418617249, 0.908507227897644, 0.9232744574546814, 0.9239165186882019], "val_loss": [3.1171600818634033, 2.986116409301758, 2.9068336486816406, 2.4066317081451416, 2.1039798259735107, 1.567258358001709, 1.151070475578308, 0.8186977505683899, 0.7059348821640015, 0.6946238875389099, 0.736604630947113, 0.49288561940193176, 0.4939655065536499, 0.4781801104545593, 0.49561285972595215, 0.49851733446121216, 0.5020930171012878, 0.4294222295284271, 0.43597280979156494, 0.4162890613079071, 0.404354989528656, 0.4399574398994446, 0.36381325125694275, 0.3802141547203064, 0.3698005676269531, 0.3627210557460785, 0.43744605779647827, 0.37867340445518494, 0.3982321321964264, 0.39433401823043823, 0.34725451469421387, 0.365295946598053], "val_accuracy": [0.09116809070110321, 0.18803419172763824, 0.19373218715190887, 0.41310539841651917, 0.47578346729278564, 0.6581196784973145, 0.7293447256088257, 0.8233618140220642, 0.8461538553237915, 0.8319088220596313, 0.8547008633613586, 0.8689458966255188, 0.8860399127006531, 0.8917378783226013, 0.8974359035491943, 0.8974359035491943, 0.8974359035491943, 0.9059829115867615, 0.9145299196243286, 0.9059829115867615, 0.9088318943977356, 0.9031339287757874, 0.9173789024353027, 0.9116809368133545, 0.9230769276618958, 0.9202279448509216, 0.9202279448509216, 0.9202279448509216, 0.9202279448509216, 0.9202279448509216, 0.9230769276618958, 0.9202279448509216]}